,Unnamed: 0.1,Unnamed: 0,ID,Username,Review,AppRating,ThumbsUpCount,ReviewTime,CompanyReply,ReplyTime,AppVersion,result,sentiment,score
0,0,0,bab80cc4-9359-43fb-9016-327619b24c61,Dushyant Panwar,I am rating it one star because I have to post my feedback otherwise I will give it - star rating,1,0,2024-04-10 11:50:51,,,8.9.20.574,"[{'label': 'NEGATIVE', 'score': 0.9995008707046509}]",NEGATIVE,0.9995008707046508
1,1,1,6bfcc80a-0b9e-4fa6-9cb4-df3601a4aa5e,Raj Mitra,üëçüèª,1,0,2024-04-10 11:48:18,,,8.9.26.592,"[{'label': 'POSITIVE', 'score': 0.9981983304023743}]",POSITIVE,0.9981983304023744
2,2,2,9188af44-5004-42c3-a029-55a8951b38c8,Salvadore Dsouza,"Stop controlling , if you want money why don't you make your damn app exclusive for people who are willing to pay. I want to bloody stop the song but your interference in trying to force me to go to premium by blocking my access isn't acceptable.",1,0,2024-04-10 11:47:40,,,,"[{'label': 'NEGATIVE', 'score': 0.9994779229164124}]",NEGATIVE,0.9994779229164124
3,3,3,4ebe80ee-21b0-4b46-85be-2ae98373be29,Dandu santhosh Reddy,So bad,1,0,2024-04-10 11:45:10,,,,"[{'label': 'NEGATIVE', 'score': 0.9994327425956726}]",NEGATIVE,0.9994327425956726
4,4,4,757220a6-545f-4040-b2b9-f739bca1641b,FF GAMER,Very bad!!! I cant hear song you want money all want to take premium very bad spotify very bad...üòï i cant give even one starüòíüëéüèª,1,0,2024-04-10 11:44:16,,,,"[{'label': 'NEGATIVE', 'score': 0.9995046854019165}]",NEGATIVE,0.9995046854019164
5,5,5,d760d20f-4d07-40f9-ac9a-95692c8afd6b,Ivy Waweru,"I love spotify but the only thing i hate is that i can be playing an album which has over 15 songs (bc it says a playlist or album under 15 songs will have suggested songs included) and it will still play suggested songs that aren't even from the same artist(I know that's the point but at least play a song from the same artist). I don't have premium as well so i get six skips per hour and the suggested songs are always more than six. I just want to be able to listen to the album i picked, please",5,287,2024-04-10 11:42:54,,,8.9.26.592,"[{'label': 'POSITIVE', 'score': 0.9963541030883789}]",POSITIVE,0.9963541030883788
6,6,6,fd224a92-655a-43a6-9272-3290916fd597,Annyajit Roy,This app is very bad üëéüëésong search is best But App update is not better.üëéüëé,1,0,2024-04-10 11:39:15,,,8.9.26.592,"[{'label': 'NEGATIVE', 'score': 0.999503493309021}]",NEGATIVE,0.999503493309021
7,7,7,8a1a2d56-710e-49e2-93d7-9a784f661868,Andy Chan,Excellent,5,0,2024-04-10 11:38:48,,,8.9.26.592,"[{'label': 'POSITIVE', 'score': 0.998581051826477}]",POSITIVE,0.998581051826477
8,8,8,fd9972e6-7563-42a3-a0fc-f6ee7267e936,Tanvi Dhaigude,Bad.,1,0,2024-04-10 11:33:16,,,,"[{'label': 'NEGATIVE', 'score': 0.9992610812187195}]",NEGATIVE,0.9992610812187196
9,9,9,99fb0fab-4588-460b-b96b-f9699a935de3,Happy Batth,Adsü•≤ü•≤ü•∫,1,0,2024-04-10 11:31:38,,,,"[{'label': 'POSITIVE', 'score': 0.9968241453170776}]",POSITIVE,0.9968241453170776
10,10,10,95c0aa1c-5c03-483f-9e40-80fa3b6d2926,girl dream78,Spotify is being greedy they ain't allowing us to pick our own song I might even switch to YouTube.,1,0,2024-04-10 11:29:52,,,8.8.90.893,"[{'label': 'NEGATIVE', 'score': 0.9994938373565674}]",NEGATIVE,0.9994938373565674
11,11,11,a3c49ce5-b8a6-4fa1-a66b-5c9e2658e9b6,Sunil Naik,Awesome,4,0,2024-04-10 11:29:47,,,,"[{'label': 'POSITIVE', 'score': 0.9986000657081604}]",POSITIVE,0.9986000657081604
12,12,12,e54f4891-2416-4db6-9642-0c1a97adbc9a,Jenny Boyd,Loving my trip down memory lane,5,0,2024-04-10 11:27:33,,,8.9.26.592,"[{'label': 'POSITIVE', 'score': 0.9989001750946045}]",POSITIVE,0.9989001750946044
13,13,13,92fceb5b-c964-4a5c-857f-12deb2f0ce71,Sakina Mujtaba,Just good but the adds interept a lot.,4,0,2024-04-10 11:24:59,,,8.9.24.633,"[{'label': 'POSITIVE', 'score': 0.9985722303390503}]",POSITIVE,0.9985722303390504
14,14,14,78c28dac-502d-425b-ae98-199ccc22d2ad,GAGAN MOORMANI,Jio Savan is Greatest of all time Spotify is worst of all time JIO SAVAN üî•üëçüèªüòÜ SPOTIFY ü§Æü§¢ SPOTIFY BEGGING FOR MONEY ü§£,1,0,2024-04-10 11:23:30,,,,"[{'label': 'POSITIVE', 'score': 0.982798159122467}]",POSITIVE,0.982798159122467
15,15,15,fd1dbf0a-8711-4e1c-9100-de550dd4edaf,Yetzy Kee,"I don't understand why shuffle doesn't work anymore.. I have tried everything. Cleared cache, Uninstalled/reinstalled,updated, deleted data. Nothing works.. why???",3,0,2024-04-10 11:22:34,,,8.9.26.592,"[{'label': 'NEGATIVE', 'score': 0.9995076656341553}]",NEGATIVE,0.9995076656341552
16,16,16,5037486d-37af-4998-9bdf-019d587815c1,Maxine Kirsten,"I like this Spotify, and the playlist",5,0,2024-04-10 11:20:21,,,,"[{'label': 'POSITIVE', 'score': 0.998913049697876}]",POSITIVE,0.998913049697876
17,17,17,05cd7fce-b8a2-401e-9ea0-73c8afaa3d68,Gautam Keswani,I was expecting some good featured in free but it is not good üòê,3,0,2024-04-10 11:19:46,,,8.9.16.593,"[{'label': 'NEGATIVE', 'score': 0.9995050430297852}]",NEGATIVE,0.9995050430297852
18,18,18,37462d81-5868-41c4-890a-3c20def38170,Krushna patil,yuy,1,0,2024-04-10 11:17:41,,,8.8.76.667,"[{'label': 'POSITIVE', 'score': 0.9957776069641113}]",POSITIVE,0.9957776069641112
19,19,19,05076940-e2ab-4b73-9dd4-53667d165ce4,CROCATTO,Paid,1,0,2024-04-10 11:16:42,,,8.7.84.382,"[{'label': 'POSITIVE', 'score': 0.9857137203216553}]",POSITIVE,0.9857137203216552
20,20,20,877280ac-cf8f-4ac1-ad82-172fb8875a10,Egor Potapov,Local file syncing breaks sometimes,4,0,2024-04-10 11:15:31,,,8.9.26.592,"[{'label': 'NEGATIVE', 'score': 0.996688187122345}]",NEGATIVE,0.996688187122345
21,21,21,996b7168-935c-4504-a407-6bc5b747251d,AMAN NEGI AMAN NEGI,Time waste app,1,0,2024-04-10 11:14:52,,,8.9.26.592,"[{'label': 'NEGATIVE', 'score': 0.9993783235549927}]",NEGATIVE,0.9993783235549928
22,22,22,813e0495-0fa3-4561-a80c-75e4dfbf4d3f,Mike Shanahan,I love this app and while you kinda have to use premium I don't mind for the perks that come with it. However since the most recent update this app has been so buggy making it difficult to use. I hit pause and then 20 seconds later the song stops. I click another song and ten seconds later it'll play. Needs some work,4,0,2024-04-10 11:09:11,,,8.9.26.592,"[{'label': 'NEGATIVE', 'score': 0.9989266991615295}]",NEGATIVE,0.9989266991615297
23,23,23,8a760426-07cd-4ce4-b126-ba82d974a645,Salman Halangali,All song is bad,1,0,2024-04-10 11:05:34,,,,"[{'label': 'NEGATIVE', 'score': 0.9994789958000183}]",NEGATIVE,0.9994789958000184
24,24,24,a114af30-8ddc-4c1a-97bd-cd0ec02d057e,Douglas Briggs,Excellent app,5,0,2024-04-10 11:02:41,,,8.9.26.592,"[{'label': 'POSITIVE', 'score': 0.9987204074859619}]",POSITIVE,0.998720407485962
25,25,25,d40ef932-289f-4ee5-a661-5e3203d452dd,Dhanendra,It's good,5,0,2024-04-10 11:02:18,,,8.9.24.633,"[{'label': 'POSITIVE', 'score': 0.9981504082679749}]",POSITIVE,0.9981504082679749
26,26,26,4f5e0093-1195-4cc3-8fe7-10343a8962bb,Munawar Abbas,‚ù§Ô∏è,5,0,2024-04-10 11:02:00,,,8.8.6.472,"[{'label': 'POSITIVE', 'score': 0.9983048439025879}]",POSITIVE,0.998304843902588
27,27,27,39b49957-ebaf-4e77-9049-243c542dc4e8,Sumukha Bhagi,"Cant even seek songs, how convenient and how stupid....",1,0,2024-04-10 10:58:56,,,8.8.80.599,"[{'label': 'NEGATIVE', 'score': 0.9994502663612366}]",NEGATIVE,0.9994502663612366
28,28,28,ed45b383-db47-42e2-9788-31f9f5065a5e,Mohammed Yaseen,Best,3,0,2024-04-10 10:56:02,,,,"[{'label': 'POSITIVE', 'score': 0.9971845746040344}]",POSITIVE,0.9971845746040344
29,29,29,f9810e19-c600-47c4-9a71-ca67eb006ba8,James Magee,Love me some spotterpie,5,0,2024-04-10 10:54:55,,,8.9.26.592,"[{'label': 'POSITIVE', 'score': 0.9980649352073669}]",POSITIVE,0.9980649352073668
30,30,30,39e40fb8-6fde-4e51-ae3c-e9ded55e8e41,Kuldeep Khorwal,"Very bad app Once you login and then logout, the account becomes not found, this is a fool app",1,0,2024-04-10 10:53:50,,,,"[{'label': 'NEGATIVE', 'score': 0.9995086193084717}]",NEGATIVE,0.9995086193084716
31,31,31,bf5d0e31-36d3-410f-b6e7-9145d2c19aa8,Aziz Amin,Power,5,0,2024-04-10 10:52:04,,,8.9.26.592,"[{'label': 'POSITIVE', 'score': 0.9902620911598206}]",POSITIVE,0.9902620911598206
32,32,32,a1c5931f-8499-45e0-9796-9dce7f45fec1,Temuera Wilson,Music keeps going silent but still playing.,1,0,2024-04-10 10:51:42,"Hey there. As a heads-up, you should be able to turn off ""Smart Shuffle"" by tapping the button once. You can also find more info by heading over to support.spotify.com, then searching for ""Shuffle play"". In case you'd need further help, feel free to get in touch with our Customer Service by scrolling down, then selecting ""Contact Spotify"".",2023-04-17 03:35:47,8.9.26.592,"[{'label': 'NEGATIVE', 'score': 0.9957387447357178}]",NEGATIVE,0.9957387447357178
33,33,33,168395e2-0215-4a51-9d6b-fce1ec65598c,Kondababu Ambujalapu,Very good,5,0,2024-04-10 10:49:51,,,8.9.26.592,"[{'label': 'POSITIVE', 'score': 0.9986018538475037}]",POSITIVE,0.9986018538475036
34,34,34,009d2ac4-0e70-46a3-af17-90c5c7ff1b43,Riley Davies,better than any other music seemingly app,5,0,2024-04-10 10:48:20,,,8.9.26.592,"[{'label': 'POSITIVE', 'score': 0.9985901713371277}]",POSITIVE,0.9985901713371276
35,35,35,4045d2e6-2bcc-4d56-bad3-f33317e4ff3d,A Google user,Me encanta mucho üíïüíïüíïüíïüíïüíïüíï,5,0,2024-04-10 10:48:05,,,8.5.2.759,"[{'label': 'POSITIVE', 'score': 0.9985930323600769}]",POSITIVE,0.9985930323600768
36,36,36,f35e90a3-563c-4394-8275-ccc2dfebcf85,Saivenkatesh Kothavari,Worst experience ever,1,0,2024-04-10 10:47:31,"Hi! We‚Äôre sorry to hear this and we‚Äôll pass your feedback along to the Ads team. For an ad free experience, we‚Äôd recommend checking out our Premium plans. If you‚Äôve never had Premium before, you should be eligible for our trial. You can also check out other deals by heading over to spotify.com/premium.",2023-03-06 20:08:43,8.8.14.575,"[{'label': 'NEGATIVE', 'score': 0.9994839429855347}]",NEGATIVE,0.9994839429855348
37,37,37,f7711b9a-9ec3-4405-bd12-2fff28e6252a,Dynasty DIY,Spotify is the best app for music and podcasts. I especially love the Spotify Wrapped.,5,0,2024-04-10 10:43:01,,,8.9.26.592,"[{'label': 'POSITIVE', 'score': 0.9987807869911194}]",POSITIVE,0.9987807869911194
38,38,38,7787e8ff-320f-4a9c-9aa8-ada61720bd5e,Rowena Siguenza,Its free and there are manyvsongs in this app,5,0,2024-04-10 10:36:14,,,8.9.26.592,"[{'label': 'POSITIVE', 'score': 0.9980996251106262}]",POSITIVE,0.9980996251106262
39,39,39,84af7006-a2b1-46d5-83dc-ba4e39e17eab,miki yee,Fantastic,5,0,2024-04-10 10:32:15,,,8.9.26.592,"[{'label': 'POSITIVE', 'score': 0.998406708240509}]",POSITIVE,0.998406708240509
40,40,40,d2b6ea0d-97ad-447e-aaee-e008cd9db27c,Andrea Nicole Catilo,I like this app but there are a lot of ads,4,0,2024-04-10 10:31:26,,,8.9.26.592,"[{'label': 'POSITIVE', 'score': 0.9865655303001404}]",POSITIVE,0.9865655303001404
41,41,41,adf24547-4d30-40ab-985e-ba87fb06d931,L√°Keitha Nash,Love it!,5,0,2024-04-10 10:30:15,,,8.9.26.592,"[{'label': 'POSITIVE', 'score': 0.9988498687744141}]",POSITIVE,0.998849868774414
42,42,42,65db13ba-a18c-4e98-939b-3e740391897e,K. Kanchan,Nice üëç,5,0,2024-04-10 10:29:59,,,,"[{'label': 'POSITIVE', 'score': 0.9986405968666077}]",POSITIVE,0.9986405968666076
43,43,43,92488c46-c7f5-4d00-bee6-fba69eda159d,Oluwadimu O.M,Good very goid,5,0,2024-04-10 10:28:24,,,8.9.12.599,"[{'label': 'POSITIVE', 'score': 0.9984039664268494}]",POSITIVE,0.9984039664268494
44,44,44,d905c539-37fd-40a1-a366-15a9fd72ea77,Rosco Dior,Had it befo,5,0,2024-04-10 10:27:34,,,,"[{'label': 'NEGATIVE', 'score': 0.7174879908561707}]",NEGATIVE,0.7174879908561707
45,45,45,14b58d3b-3803-46b1-a329-399ba8ba6572,Funtime Foxy,"Amazing! My family loves this app, it works well, doesn't have to many ad's, and it has a lot of songs!",5,0,2024-04-10 10:24:27,,,8.9.24.633,"[{'label': 'POSITIVE', 'score': 0.9989292025566101}]",POSITIVE,0.99892920255661
46,46,46,b6233179-e237-4851-bbf8-d81b6a9c547d,Sathishperumal P,Goodüëç,5,0,2024-04-10 10:23:47,,,8.9.26.592,"[{'label': 'POSITIVE', 'score': 0.9985754489898682}]",POSITIVE,0.9985754489898682
47,47,47,19076ee5-77d0-463f-b038-e5890988bdef,Tronin‚Äôs Hive,Either I'm dumb or the people who made this are. Can someone explain to me why when I look up a specific song I have to listen to a bunch of other songs before I hear the one I actually typed in.,1,0,2024-04-10 10:22:24,"Hi! We‚Äôre sorry to hear this and thanks for letting us know. We‚Äôd like to investigate further. If you have time, could you reach out to our Customer Support team again with a screenshot of your review and our reply? You can find them on X and Facebook (@SpotifyCares), or via live messaging at https://support.spotify.com/contact-spotify-anonymous/.",2024-04-10 10:33:49,8.9.24.633,"[{'label': 'NEGATIVE', 'score': 0.9994841814041138}]",NEGATIVE,0.9994841814041138
48,48,48,b5265c9a-2ede-4114-a179-31c0b3796ec4,Abhilash Sahu,"Hey, I'm prime customer of Spotify. What a bad experience, Always Play that song which i have already heard.This is very very bad experience. I don't use no longer Spotify, - Thank you ,Experience",1,0,2024-04-10 10:21:11,,,8.9.26.592,"[{'label': 'NEGATIVE', 'score': 0.9995054006576538}]",NEGATIVE,0.9995054006576538
49,49,49,a2e64a2b-f70f-4760-b5d7-20148b16c842,K Stalin,song,5,0,2024-04-10 10:12:09,,,,"[{'label': 'POSITIVE', 'score': 0.9899553060531616}]",POSITIVE,0.9899553060531616
50,50,50,dc2606d9-f51b-441b-9c60-cc9b93a5b998,jairus matthew,"Very worst now a days if I hear 15 min song i can't play song anymore it limited, very worst",1,0,2024-04-10 10:11:59,,,8.9.26.592,"[{'label': 'NEGATIVE', 'score': 0.9994901418685913}]",NEGATIVE,0.9994901418685912
51,51,51,3d390c92-1e42-48bc-8fd2-125d438c060d,Shridhar Bharti,App open karne par bhi charge lo so you will get more money üò†üò†üò†üò†,1,0,2024-04-10 10:11:57,,,,"[{'label': 'POSITIVE', 'score': 0.9979078769683838}]",POSITIVE,0.9979078769683838
52,52,52,837703a8-4b62-41ad-8866-e2c813ac3e8b,Wendell P,That have very GOOD music on this app,5,0,2024-04-10 10:08:21,,,,"[{'label': 'POSITIVE', 'score': 0.9984487295150757}]",POSITIVE,0.9984487295150756
53,53,53,3fb243a6-a47a-48e8-9b54-dffa45808dda,Sara Mohamed,Extremely toxic they don't care about you or how harmful it could be and unexplainable activities,1,0,2024-04-10 10:06:31,,,,"[{'label': 'NEGATIVE', 'score': 0.9994446635246277}]",NEGATIVE,0.9994446635246276
54,54,54,4f45be16-fa6d-4093-b79e-9d31ff928f74,hossain khan,Bangladesh,5,0,2024-04-10 10:01:51,,,,"[{'label': 'NEGATIVE', 'score': 0.9392834305763245}]",NEGATIVE,0.9392834305763244
55,55,55,44f8ec3d-5b57-4643-9e58-8a953ec05346,DEVIL DEVIL,Best,5,0,2024-04-10 10:00:25,,,8.9.26.592,"[{'label': 'POSITIVE', 'score': 0.9971845746040344}]",POSITIVE,0.9971845746040344
56,56,56,595e1cf8-f074-4d70-94ff-3aa648713f65,Sonam Parveen,Need more work,1,0,2024-04-10 09:57:05,,,,"[{'label': 'NEGATIVE', 'score': 0.9990556836128235}]",NEGATIVE,0.9990556836128236
57,57,57,b7a2a851-0259-4cfd-8dad-f0127f3c019d,Nicole Campbell,Not a fan or the prices increase of $3 for a family account.,3,0,2024-04-10 09:56:44,,,8.9.26.592,"[{'label': 'NEGATIVE', 'score': 0.9995007514953613}]",NEGATIVE,0.9995007514953612
58,58,58,1cc8ae37-a651-491b-afce-734a1cd5b1f5,Noah Alexander,can you make it so people that don't want to buy it can use it withouit all of the ads during the best songs that peeople will listen to.,5,0,2024-04-10 09:55:56,,,8.8.82.634,"[{'label': 'NEGATIVE', 'score': 0.999086856842041}]",NEGATIVE,0.999086856842041
59,59,59,a16918fa-595a-4337-8767-138d23f81e75,Amogelang Maje,Because it download alot of music,3,0,2024-04-10 09:49:17,,,,"[{'label': 'POSITIVE', 'score': 0.9817746877670288}]",POSITIVE,0.9817746877670288
60,60,60,ecd7cc26-271d-4d63-a3a8-6332f7e58069,Khloe Mendez,this app is my life.,5,0,2024-04-10 09:48:57,,,8.8.96.364,"[{'label': 'POSITIVE', 'score': 0.9986729621887207}]",POSITIVE,0.9986729621887208
61,61,61,ace53943-7015-4ca4-bc2a-b9bbfae05769,Greg Boulden,Love Spotify,5,0,2024-04-10 09:45:18,,,8.9.24.633,"[{'label': 'POSITIVE', 'score': 0.9986028075218201}]",POSITIVE,0.99860280752182
62,62,62,1335c20f-a025-485a-889c-4534943d0e07,SIBIL IRSHAD,Whatever.. The Quality The UI The Song Collection Awesome...,5,0,2024-04-10 09:39:25,,,8.9.26.592,"[{'label': 'POSITIVE', 'score': 0.9986571073532104}]",POSITIVE,0.9986571073532104
63,63,63,ab84c9a3-7eeb-48fc-8c55-f0dc6d69ba31,Tina Sharinna,Ok,5,0,2024-04-10 09:36:02,,,8.9.26.592,"[{'label': 'NEGATIVE', 'score': 0.9943147301673889}]",NEGATIVE,0.9943147301673888
64,64,64,69a9dd6c-b89b-4469-abc1-5cbe1f726fcc,Mosibudi Khsaz,Mosibudi khsa,5,0,2024-04-10 09:32:13,,,,"[{'label': 'NEGATIVE', 'score': 0.9543498158454895}]",NEGATIVE,0.9543498158454896
65,65,65,572cec01-a7b1-47a1-8012-b32893788cca,Kuldeepsinh Raol,If I want to listen to a single song back then paying money for that too is a hell of a robbery.,1,0,2024-04-10 09:32:05,,,8.9.26.592,"[{'label': 'NEGATIVE', 'score': 0.9969931840896606}]",NEGATIVE,0.9969931840896606
66,66,66,45244ba2-af40-44c3-a3d6-78c86a17a940,Julianna Castillo,Love Spotify great choice of music ....to listen to .,5,0,2024-04-10 09:29:49,,,,"[{'label': 'POSITIVE', 'score': 0.9988443851470947}]",POSITIVE,0.9988443851470948
67,67,67,d96ad392-97ed-40d2-9cf5-548c7f6b0ddb,Jean Paul Lees,Its is the best app every for all my Music!!!!! I'm very happy with this app!!!,5,0,2024-04-10 09:29:45,,,8.9.26.592,"[{'label': 'POSITIVE', 'score': 0.9989153146743774}]",POSITIVE,0.9989153146743774
68,68,68,1e2d35f3-40a5-4553-9178-2cfdc31dc2c1,Maxwell Comer,"As a free spotify user, it is the most miserable experience ever",3,0,2024-04-10 09:28:42,,,8.9.26.592,"[{'label': 'NEGATIVE', 'score': 0.9994916915893555}]",NEGATIVE,0.9994916915893556
69,69,69,bb8d88e6-3cd8-42c2-9051-8281593f21ee,Jagdish Dhami,"Now a days Spotify is aiming for money and money. Without premium you can't do anything, even there is a limit to skip a song without premium, it is too much.",2,0,2024-04-10 09:26:09,,,,"[{'label': 'NEGATIVE', 'score': 0.9991815686225891}]",NEGATIVE,0.9991815686225892
70,70,70,f714b94d-ab67-4e4f-913e-0aed9ac8605b,Mansi,Worst app!,1,0,2024-04-10 09:24:00,,,,"[{'label': 'NEGATIVE', 'score': 0.9994834661483765}]",NEGATIVE,0.9994834661483764
71,71,71,3cad49bd-f94f-452f-816f-40180e21b370,Prakash verma Verma,Oh x kickback bark call Caldwell,5,0,2024-04-10 09:23:41,,,,"[{'label': 'NEGATIVE', 'score': 0.9916446805000305}]",NEGATIVE,0.9916446805000304
72,72,72,75b276fa-cbe0-43e6-af40-a33144c4ce00,Ethan,Buggy glitchy garbage,1,4,2024-04-10 09:18:23,,,8.9.26.592,"[{'label': 'NEGATIVE', 'score': 0.999438464641571}]",NEGATIVE,0.999438464641571
73,73,73,c0168f62-57ad-47ab-bd78-e02f6e6270fc,Ramprasad Jadhav,Ad üòåüòè,1,0,2024-04-10 09:15:42,,,,"[{'label': 'POSITIVE', 'score': 0.9984459280967712}]",POSITIVE,0.9984459280967712
74,74,74,14419d3b-6342-4a24-923e-21ddf33da7b0,gemmelli khushi,Goog,5,0,2024-04-10 09:13:55,,,8.9.26.592,"[{'label': 'NEGATIVE', 'score': 0.8966501951217651}]",NEGATIVE,0.8966501951217651
75,75,75,006a4e3f-602b-46d5-a602-ccffb7c82aba,Maureen Scott,"Great music, I love the oldies and some of the new ones that make you feel good. Please keep the Vibes coming.",5,0,2024-04-10 09:12:22,,,8.9.26.592,"[{'label': 'POSITIVE', 'score': 0.9988699555397034}]",POSITIVE,0.9988699555397034
76,76,76,a547c1f1-df1e-4278-a274-4b5b76745332,Rahul kumar,You just lost your audience üòê,1,0,2024-04-10 09:11:17,,,,"[{'label': 'NEGATIVE', 'score': 0.9994383454322815}]",NEGATIVE,0.9994383454322816
77,77,77,4424048a-8fbf-42cf-99a7-9dc091f777f8,Verdinansyah Sjamsuddin,I like it,5,0,2024-04-10 09:10:57,,,8.9.26.592,"[{'label': 'POSITIVE', 'score': 0.998838484287262}]",POSITIVE,0.998838484287262
78,78,78,97236a7c-d0e1-42e9-b6e3-01e1a73eca72,Enid Ford,best music listening experience.,5,0,2024-04-10 09:10:55,,,8.9.26.592,"[{'label': 'POSITIVE', 'score': 0.9986670017242432}]",POSITIVE,0.9986670017242432
79,79,79,5e9bd89e-8b1f-429c-863d-3de5f91d4e08,Isaiah Gonzalez,Good songs,5,0,2024-04-10 09:05:04,,,8.9.26.592,"[{'label': 'POSITIVE', 'score': 0.9986830353736877}]",POSITIVE,0.9986830353736876
80,80,80,9783264b-4d97-4503-9e72-16686210c33b,anisha sd,"There are way too many ads. When clicked on a song it never played the one which I clicked on, and started playing some random recommended song.",1,0,2024-04-10 09:04:47,,,8.9.26.592,"[{'label': 'NEGATIVE', 'score': 0.9995012283325195}]",NEGATIVE,0.9995012283325196
81,81,81,552cc9d1-4446-470f-ab5f-0984e46833c4,Shale N,"Save a song? App freezes. Try to add a song to a Playlist? Freezes. Try to remove the awful smart shuffle from your large Playlist? Freezes then gets stuck on while bloating your Playlist... The smart shuffle is especially the worst, it takes over your Playlist then makes it by ""Spotify"" as well as you, and its extremely hard to remove. I can't even pause songs sometimes, the app just freezes and ignores inputs. By using the app you make it freeze (and can't use it?). It also will just crash...",1,14,2024-04-10 09:02:27,"Hi there! Have you tried a quick reinstall? If that doesn't help, we'd recommend reaching out to our Customer Service at http://support.spotify.com. Just search ‚ÄúContact Us‚Äù, and they'll be happy to help.",2024-04-10 09:19:17,8.9.26.592,"[{'label': 'NEGATIVE', 'score': 0.999504566192627}]",NEGATIVE,0.999504566192627
82,82,82,c5aa8fcf-899d-49c6-83ce-8c105dfd1cc8,Sanjukta Mandal,I think this is very good app üòçüòçüòç,5,0,2024-04-10 09:00:05,,,8.9.20.574,"[{'label': 'POSITIVE', 'score': 0.9987584352493286}]",POSITIVE,0.9987584352493286
83,83,83,8bcb46be-8c3a-4a6f-8561-6e21f6b95c5d,kenny,It was used to be the best and now it's the WORST app pft,1,0,2024-04-10 08:59:57,,,8.8.96.364,"[{'label': 'NEGATIVE', 'score': 0.9994945526123047}]",NEGATIVE,0.9994945526123048
84,84,84,3bfeaf05-2f10-4575-a655-a7de79f68e83,Mitesh patel,V good,5,0,2024-04-10 08:58:50,,,8.9.24.633,"[{'label': 'POSITIVE', 'score': 0.9985159039497375}]",POSITIVE,0.9985159039497375
85,85,85,5822368f-2667-499a-95f3-eb8afd2eb8ce,felineFatale Robin,"I've been using spotify for years now, and today just made me snap. I get the video add, the one that says I'll get 30 minutes free from ads once it's done. I don't close the app, I leave my phone on, I don't even look at notifications. The first song didn't vibe, so I skipped it. ONLY TO GET FIVE MORE ADS. Nope. Unless this app can actually hold to their damn promises, I won't be using it again for a long while. This is ridiculous and I am tired of pretending otherwise.",1,0,2024-04-10 08:55:29,,,8.9.26.592,"[{'label': 'NEGATIVE', 'score': 0.9994955062866211}]",NEGATIVE,0.9994955062866212
86,86,86,80ad5b87-3351-4aff-b3bd-dd1e0d7fe4f5,Winder Singh,‚úåÔ∏èüëÜüëçüëçüëçüëçüëç,5,0,2024-04-10 08:55:09,,,8.9.26.592,"[{'label': 'POSITIVE', 'score': 0.9984627962112427}]",POSITIVE,0.9984627962112428
87,87,87,2a821c97-5de9-49ff-8e72-f5570fd83a48,rioslatino,Normalise volumen removed? Why this function was removed? Bring it back asap. Spotify has decreased a lot on its quality... is becoming really useless... and why do I need to contact support? This is a feature that is needed. Plus the subscription is really expensive... you should move,1,0,2024-04-10 08:49:51,"Hey there! We're open to feedback, and we‚Äôd love to get some more info about this. If you have the time, give our Customer Service a shout. You can find them by heading to http://support.spotify.com and searching ""Contact us"".",2024-04-10 09:02:18,8.9.26.592,"[{'label': 'NEGATIVE', 'score': 0.9993703961372375}]",NEGATIVE,0.9993703961372375
88,88,88,4c7e52cc-b53f-43d3-a433-0249c482ef5d,Jordan,Add a way to custom the look! I feel like that's the only thing spotify needs at this point üëå,5,0,2024-04-10 08:48:45,,,8.9.26.592,"[{'label': 'POSITIVE', 'score': 0.9984182119369507}]",POSITIVE,0.9984182119369508
89,89,89,d706ca38-9869-40d0-9d67-0d553e84e2e3,Mark,Good stuff and I'm glad to hear it,5,0,2024-04-10 08:45:12,,,8.9.26.592,"[{'label': 'POSITIVE', 'score': 0.9989092350006104}]",POSITIVE,0.9989092350006104
90,90,90,112cd7db-bd71-492a-800a-1cade47062ab,Gavin Baker,I cant play the song I want without spotify premium plus there is too much ads. 0/10,1,0,2024-04-10 08:38:37,,,8.9.26.592,"[{'label': 'NEGATIVE', 'score': 0.9995095729827881}]",NEGATIVE,0.999509572982788
91,91,91,6183f956-3c79-4486-9620-721a19d71fc8,Hamza Boutahar,Good but we want the heart back,5,0,2024-04-10 08:37:39,,,8.9.26.592,"[{'label': 'POSITIVE', 'score': 0.9955742359161377}]",POSITIVE,0.9955742359161376
92,92,92,cd632a1d-318f-4a82-b97a-6b6b39a64aad,Phoenixx ‚ÄúPhoe_nixx‚Äù,"i use this app nearly daily, and its okay. im fine with the free version, though i have had 6+ ads before. my main issue is the fact that in recent months, the app closes on its own and stops playing the song im listening to. it also restarts the song from the beginning. it's extremely annoying because i dont like having to listen to the same song twice, especially due to the error of the app. i have asked a friend about if they have this issue and they do too, so i know it isnt just my phone.",3,0,2024-04-10 08:35:13,"Hi there! Have you tried a quick reinstall? If that doesn't help, we'd recommend reaching out to our Customer Service at http://support.spotify.com. Just search ‚ÄúContact Us‚Äù, and they'll be happy to help.",2024-04-10 08:52:13,8.9.26.592,"[{'label': 'NEGATIVE', 'score': 0.9988396763801575}]",NEGATIVE,0.9988396763801576
93,93,93,ea690091-b020-4a39-8e49-822d38dd40e9,Prince kumar,Spotify sucks more now,1,0,2024-04-10 08:30:52,,,8.9.26.592,"[{'label': 'NEGATIVE', 'score': 0.9994311928749084}]",NEGATIVE,0.9994311928749084
94,94,94,b5cd2098-fda5-4ab7-89ac-bb6ea73322ac,Vickee Sr,Many ads,1,0,2024-04-10 08:29:03,,,,"[{'label': 'NEGATIVE', 'score': 0.9956303834915161}]",NEGATIVE,0.995630383491516
95,95,95,e14b809e-c850-48d7-b16c-7209568df7ef,rocco grego,Cannot open app,1,0,2024-04-10 08:15:01,"Hi there, have you tried a quick reinstall? If that doesn't help, we'd recommend reaching out to our Customer Service at http://support.spotify.com. Just search ‚ÄúContact Us‚Äù, and they'll be happy to help.",2024-04-10 08:25:45,8.9.26.592,"[{'label': 'NEGATIVE', 'score': 0.99945467710495}]",NEGATIVE,0.99945467710495
96,96,96,55fc9522-0f21-498a-be1c-6b146f9348e9,Deepak Kumar,Awesome,5,0,2024-04-10 08:08:35,,,,"[{'label': 'POSITIVE', 'score': 0.9986000657081604}]",POSITIVE,0.9986000657081604
97,97,97,d45de087-c7b0-4b14-87da-06596327d25f,Vinay Kumar,Worst app unable to play liked songs list,1,0,2024-04-10 08:05:27,,,8.9.24.633,"[{'label': 'NEGATIVE', 'score': 0.9995014667510986}]",NEGATIVE,0.9995014667510986
98,98,98,0130e49d-21c6-4997-bd27-e09bcb28e887,Asha Kumari,Very nice app for music lovers,5,0,2024-04-10 08:03:34,,,8.9.24.633,"[{'label': 'POSITIVE', 'score': 0.9988487958908081}]",POSITIVE,0.998848795890808
99,99,99,43265df9-0724-4460-b1f0-891332869cbd,"AR, Kumar",Very worsted this app everytime long ads,1,0,2024-04-10 08:03:25,,,8.9.26.592,"[{'label': 'NEGATIVE', 'score': 0.9994900226593018}]",NEGATIVE,0.9994900226593018
100,100,100,236c5e0d-229e-4d01-80af-f1deeda12c51,Divya Kanwar,"Too bad ,it needs subscription for everything i wanted to use queue feature but it is also for premium user one day this app is not gonna make us listen song without subscription. Sorry but this such a beggar app",1,0,2024-04-10 07:57:07,,,8.9.26.592,"[{'label': 'NEGATIVE', 'score': 0.9995013475418091}]",NEGATIVE,0.9995013475418092
101,101,101,b2b7a487-68eb-4037-867c-52d914e5a5b0,Judy Zaher,The most usefull music app for all artists n all songs for free,5,0,2024-04-10 07:55:47,,,8.9.26.592,"[{'label': 'POSITIVE', 'score': 0.9987101554870605}]",POSITIVE,0.9987101554870604
102,102,102,e6561c2b-ff4f-4655-9e32-7660884079dd,Jade,fwy wice fo taeble tow,5,0,2024-04-10 07:51:00,,,8.9.26.592,"[{'label': 'POSITIVE', 'score': 0.9933116436004639}]",POSITIVE,0.993311643600464
103,103,103,0fa9c6ff-cbb1-446e-820f-662bdc94f1f4,Pola Ratadiya,Amazing,5,0,2024-04-10 07:50:33,,,,"[{'label': 'POSITIVE', 'score': 0.9986121654510498}]",POSITIVE,0.9986121654510498
104,104,104,973561be-27b1-4e0e-af38-fea91b34018d,Abril P√©rez,It does make no sense that you can't listen to the specific song you want to just because you are not paying.,1,0,2024-04-10 07:50:32,,,,"[{'label': 'NEGATIVE', 'score': 0.9994704127311707}]",NEGATIVE,0.9994704127311708
105,105,105,83d21699-14f8-4f90-8602-05cc2ea9fba0,SHAHIN BRO,C xs ee xxzzzz ' z Zzz,4,0,2024-04-10 07:50:07,,,,"[{'label': 'POSITIVE', 'score': 0.9956474900245667}]",POSITIVE,0.9956474900245668
106,106,106,33f9cf9a-1a21-42e5-a0f7-29783e231b2b,Haikal Crp,i love it,5,0,2024-04-10 07:42:04,,,8.9.26.592,"[{'label': 'POSITIVE', 'score': 0.9988215565681458}]",POSITIVE,0.9988215565681458
107,107,107,6292cb86-3ddb-46e4-be94-48fc1a701025,Armando Acosta,Music,5,0,2024-04-10 07:40:07,,,8.7.20.1261,"[{'label': 'POSITIVE', 'score': 0.9935897588729858}]",POSITIVE,0.9935897588729858
108,108,108,befd43f1-0b62-4ef5-8375-e69ff2452d08,Wllaeldin Osman,I hate the new update. I can't even play songs on my playlist or my favorite songs please fix this Spotify,1,0,2024-04-10 07:40:06,,,8.9.26.592,"[{'label': 'NEGATIVE', 'score': 0.9995057582855225}]",NEGATIVE,0.9995057582855223
109,109,109,e054b939-3201-4202-ac04-9989e3a55a8b,Mohan Yadav,Nice,5,0,2024-04-10 07:37:24,,,,"[{'label': 'POSITIVE', 'score': 0.9977694749832153}]",POSITIVE,0.9977694749832152
110,110,110,e73f037a-7fc6-4308-836c-06e777e71391,Zak Hensley,Best option.,5,0,2024-04-10 07:37:10,,,8.9.26.592,"[{'label': 'POSITIVE', 'score': 0.998619794845581}]",POSITIVE,0.998619794845581
111,111,111,d86e7f02-2701-4ed3-9edc-7d125a9247e9,Brett Smith,"The worst app ever, crashes, failure load podcasts and music. If they didn't have such a monopoly no one would use this app.",1,0,2024-04-10 07:36:48,,,8.9.26.592,"[{'label': 'NEGATIVE', 'score': 0.9995075464248657}]",NEGATIVE,0.9995075464248656
112,112,112,6286a182-1696-45ee-9e78-c41735d36caa,Isha Patel,Nice,5,0,2024-04-10 07:35:29,,,8.9.26.592,"[{'label': 'POSITIVE', 'score': 0.9977694749832153}]",POSITIVE,0.9977694749832152
113,113,113,08905682-fb9c-4989-85d5-195be2804beb,Predator,What the hell is this app became.,1,0,2024-04-10 07:34:42,,,,"[{'label': 'NEGATIVE', 'score': 0.9994872808456421}]",NEGATIVE,0.999487280845642
114,114,114,9c47a753-ee97-454d-abc2-b2fe1e6be577,Naveen Rao,Pay fee why pay fee it is bad.,3,0,2024-04-10 07:32:56,,,,"[{'label': 'NEGATIVE', 'score': 0.99950110912323}]",NEGATIVE,0.99950110912323
115,115,115,0d19434b-6f97-4bd9-80ed-aebd1c4059f0,Mia Brady,SPOTIFY IS THE BEST,5,0,2024-04-10 07:30:33,,,8.9.24.633,"[{'label': 'POSITIVE', 'score': 0.9974888563156128}]",POSITIVE,0.9974888563156128
116,116,116,6b4d733b-1e20-42c6-b9ff-aeda58d8e5d6,Arjun Panday,Well I want to make a song and I have the lyrics but I don't know that spotify provides us this or not. If spotify provides this feature than I will rate 5 out of 5.,3,0,2024-04-10 07:30:09,,,,"[{'label': 'POSITIVE', 'score': 0.9982396364212036}]",POSITIVE,0.9982396364212036
117,117,117,3ffff437-e36e-408f-974c-e476b6b14aab,Peter Bonadonna,"of blank air and the adjustable non stop seamless ""mixing""experience will come in handy at parties and personal continuity keeps me fully tuned in the groove!",5,0,2024-04-10 07:23:30,,,8.9.26.592,"[{'label': 'POSITIVE', 'score': 0.9989193677902222}]",POSITIVE,0.9989193677902222
118,118,118,4f7ede12-2c89-4c32-a556-f6e8c4ed857f,Karman Jain,They are improvingü•≥ but then we cannot queue but still OLD SPOTIFY is slowly coming backü§©,3,0,2024-04-10 07:15:49,,,8.9.26.592,"[{'label': 'POSITIVE', 'score': 0.9721447825431824}]",POSITIVE,0.9721447825431824
119,119,119,41d21789-b4f5-445e-a123-3ead9752c638,Maddox Stewart,"It's the best. I have Spotify premium, and it is good, and i recommend it a lot",5,0,2024-04-10 07:12:29,,,8.9.24.633,"[{'label': 'POSITIVE', 'score': 0.9989112615585327}]",POSITIVE,0.9989112615585328
120,120,120,06fa4b0c-d3d3-4683-a4b7-c656858b8e09,marbenz jurada,Very nice,4,0,2024-04-10 07:11:48,,,8.9.26.592,"[{'label': 'POSITIVE', 'score': 0.9986618757247925}]",POSITIVE,0.9986618757247924
121,121,121,c1ede9f0-debb-4ef9-af46-e0dcbc32c599,Dave B.,"My goto Music service. Excellent music selection, metal, rap, rock, etc. Is it perfect? No. It's pretty good though. So turn it up üé∏üé∂üé∂",5,0,2024-04-10 07:10:47,,,8.9.26.592,"[{'label': 'POSITIVE', 'score': 0.9987517595291138}]",POSITIVE,0.9987517595291138
122,122,122,2d9accf6-1549-4339-80a3-cd16b1c5199b,A Google user,Luv it,5,0,2024-04-10 07:05:47,,,8.9.26.592,"[{'label': 'POSITIVE', 'score': 0.9987766146659851}]",POSITIVE,0.9987766146659852
123,123,123,39e90d75-04d4-4cbc-b67c-69e3095fc448,Cambreigh P,It's nice to be able to search up a song and it will just be here,4,0,2024-04-10 07:04:59,,,8.8.80.599,"[{'label': 'POSITIVE', 'score': 0.9985933899879456}]",POSITIVE,0.9985933899879456
124,124,124,0d8c8409-a593-4307-9fb2-0ac0877d7876,Azka Reyhan M,Aplikasi dongo mau di beli premium nya malah nyusahin user bangkrut¬≤ sono dah,1,0,2024-04-10 07:03:41,,,8.9.26.592,"[{'label': 'POSITIVE', 'score': 0.9928702712059021}]",POSITIVE,0.992870271205902
125,125,125,6361ce33-e4a2-4e69-b22e-98922b0b79e3,Kevin Taylor,Podcast has internet issues the app stops and freeze. On podcast only customer service is non existing,1,0,2024-04-10 07:02:11,"Hey! We're open to feedback, and we‚Äôd love to get some more info about this. If you have the time, give our Customer Service a shout. You can find them by heading to http://support.spotify.com and searching ""Contact us"".",2024-04-10 08:10:24,8.9.26.592,"[{'label': 'NEGATIVE', 'score': 0.9995032548904419}]",NEGATIVE,0.999503254890442
126,126,126,38c80b63-ccf2-4ff2-99cb-30ae3cf0fb9e,Mr. Vibin,good,5,0,2024-04-10 06:55:29,,,8.9.26.583,"[{'label': 'POSITIVE', 'score': 0.9985306262969971}]",POSITIVE,0.9985306262969972
127,127,127,5d305ca5-7032-4c52-a74c-5e9fa5c48a0c,Demetris Stevens,Great üòÉ!,5,0,2024-04-10 06:54:58,,,8.9.24.633,"[{'label': 'POSITIVE', 'score': 0.9987420439720154}]",POSITIVE,0.9987420439720154
128,128,128,8b4c1a47-2bf0-41b8-8285-7acdb865e4b9,Hamdjani WS,"So Easy Being Compromised. I have premium account and enjoy spotify for the past few years, but this happened since last year. When I play a podcast or my favorite playlist suddenly unfamiliar song from weird playlist rushed in.",5,1,2024-04-10 06:53:01,,,8.9.26.592,"[{'label': 'NEGATIVE', 'score': 0.9988986253738403}]",NEGATIVE,0.9988986253738404
129,129,129,93fed75c-ac46-4a34-b90e-23e7e140dae2,Provakar Thokdar,It's too good for music,5,0,2024-04-10 06:49:07,,,8.8.24.307,"[{'label': 'NEGATIVE', 'score': 0.9987030029296875}]",NEGATIVE,0.9987030029296876
130,130,130,768adac4-6f3c-4e95-a22e-c5ff0ec7d82c,Okho Ajake,thanks u god bless amen,5,0,2024-04-10 06:46:27,,,8.9.18.512,"[{'label': 'POSITIVE', 'score': 0.9984341263771057}]",POSITIVE,0.9984341263771056
131,131,131,bc354f73-8273-412f-b9ab-21c36f5d8925,Kanavulagavaasi,"Can't play your collections without Spotify recommended shuffle, just a puppet app.",1,0,2024-04-10 06:45:15,,,8.9.26.592,"[{'label': 'POSITIVE', 'score': 0.9934119582176208}]",POSITIVE,0.9934119582176208
132,132,132,cab4bbc9-fc03-4a10-b5ea-9bc98184e2d5,Brian Hollingsworth,Good so far.,5,0,2024-04-10 06:41:03,,,8.9.26.592,"[{'label': 'POSITIVE', 'score': 0.9986881613731384}]",POSITIVE,0.9986881613731384
133,133,133,f7e3bc6d-6ed8-44ed-a1f3-25728462b41f,Tess Blackie,"The irony of getting an email about price increases for premium when I can't listen to anything without the app glitching. Doesn't matter if I have something downloaded or not, the second my screen times out the audio playback stops. Connected to both WiFi and mobile data and consistently get a 'no connection' message when trying to switch between home and library. I wouldn't mind if the money was going to support artists but, well, we all know what they think of artists. Cancellation time.",2,0,2024-04-10 06:39:28,,,8.9.26.592,"[{'label': 'NEGATIVE', 'score': 0.9995080232620239}]",NEGATIVE,0.999508023262024
134,134,134,0fdf57c9-efdf-4e01-a917-b7dd83ad6133,Will Roland,"I love this app, the only thing I'd like different is , I wish you could alter the order of tracks after they've been added to a playlist",4,0,2024-04-10 06:38:08,,,8.9.26.592,"[{'label': 'POSITIVE', 'score': 0.9988866448402405}]",POSITIVE,0.9988866448402404
135,135,135,76aa89dc-ec88-4fd5-b3b8-449e5849c397,Jefferson Conde (JLC Rascals),Good,5,0,2024-04-10 06:33:38,,,8.9.26.592,"[{'label': 'POSITIVE', 'score': 0.9984152317047119}]",POSITIVE,0.998415231704712
136,136,136,cc55103c-24db-46d2-9c5f-ee2d7124ed1b,David Dyck,Easy to use and tonnes of good shows and music to listen to.,5,0,2024-04-10 06:31:43,,,8.9.26.592,"[{'label': 'POSITIVE', 'score': 0.9988914132118225}]",POSITIVE,0.9988914132118224
137,137,137,57a60721-e88a-473b-9770-e975ca8746bf,Himanshu Kumar,Good,5,0,2024-04-10 06:28:00,,,8.9.26.592,"[{'label': 'POSITIVE', 'score': 0.9984152317047119}]",POSITIVE,0.998415231704712
138,138,138,e4dd13a9-2550-4f39-8421-137cff7068f6,Revathy Senthil,wow,5,0,2024-04-10 06:26:51,,,8.9.22.539,"[{'label': 'POSITIVE', 'score': 0.9957777261734009}]",POSITIVE,0.9957777261734008
139,139,139,8ae11d48-6883-4d8d-a674-e3f834d3d734,Prem Raj Chauhan,üò†üò†üëéüëéüëéüëé,1,0,2024-04-10 06:25:25,,,,"[{'label': 'POSITIVE', 'score': 0.9980301260948181}]",POSITIVE,0.998030126094818
140,140,140,f7542df2-14e9-495b-91d8-eaa643da64a5,Jayanti Nag,"First of all dont even want to give a single star, because this app is getting more wired . And the unwanted recommend is really frustrating, sometimes I feel like just uninstall it.",1,0,2024-04-10 06:22:45,,,8.8.76.667,"[{'label': 'NEGATIVE', 'score': 0.9995020627975464}]",NEGATIVE,0.9995020627975464
141,141,141,17d08185-cc5f-4d9c-aeb0-2d210c669805,Jennifer Baffour,I can't make payments the payment pop up not showing to enter details,1,0,2024-04-10 06:21:22,"Hi! We‚Äôd recommend trying a different browser or a private/incognito window. If that doesn‚Äôt do the trick, just head over to support.spotify.com and search for ‚ÄòPayment Help‚Äô.",2024-04-10 07:21:17,,"[{'label': 'NEGATIVE', 'score': 0.9995015859603882}]",NEGATIVE,0.9995015859603882
142,142,142,d117527f-6f87-4051-974a-ca1278a92104,Arturo Hernandez III,"free music don't bother with premium, there's like one add per 50 songs. great app!",4,0,2024-04-10 06:17:49,,,8.9.26.592,"[{'label': 'POSITIVE', 'score': 0.9987265467643738}]",POSITIVE,0.9987265467643738
143,143,143,b5348f27-bdac-46bf-9ca2-f8adacd8669a,Jack Clinker,"Changed my usage habits so this app probably doesn't deserve 5 stars, i'm just pleasantly suprised with the disposal of star wars audio books thats come with the Spotify subscription. The audio books section has a really good selection with some coming with Spotify premium and other being able to be bought stand alone, however I advise againt buying audiobooks on spotify because you don't actually own them if you actually read the EULA.",5,0,2024-04-10 06:15:29,"Hi! Have you tried a quick reinstall? If that doesn't help, we'd recommend reaching out to our Customer Service at http://support.spotify.com. Just search ‚ÄúContact Us‚Äù, and they'll be happy to help.",2024-01-06 23:13:13,8.9.18.512,"[{'label': 'POSITIVE', 'score': 0.998532772064209}]",POSITIVE,0.998532772064209
144,144,144,1305bc20-7eda-4dbe-bacb-819c53458ad5,A Google user,"Other than a few bugs on the last update, still the best music app out there.",5,1,2024-04-10 06:03:50,,,8.9.26.592,"[{'label': 'POSITIVE', 'score': 0.9988037347793579}]",POSITIVE,0.998803734779358
145,145,145,0124579f-4978-4844-b1cd-67106f15e737,Dayna Dowie,"Recently have had trouble with my Liked playlist, it's says 635 songs but none are listed/showing in the playlist. Spotify please fix this üôè Love that Spotify has not just music but podcasts and audiobooks available on it, the selection has been recently updated and has a lot of mainstream titles.",4,0,2024-04-10 06:00:14,,,8.9.26.592,"[{'label': 'POSITIVE', 'score': 0.9964229464530945}]",POSITIVE,0.9964229464530944
146,146,146,f2a872ad-ee84-4df4-8ebf-7c699ecf8b9d,Tabitha Johnston,Tried to sign up but wouldn't let me. I checked all my info and still wouldn't work.,1,0,2024-04-10 05:59:55,"Hey! It's best to get in touch with our Customer Service at http://support.spotify.com. Just search ‚ÄúContact Us‚Äù, and they'll be happy to help.",2024-04-10 07:19:32,8.9.26.592,"[{'label': 'NEGATIVE', 'score': 0.9995021820068359}]",NEGATIVE,0.999502182006836
147,147,147,f585b2c0-2095-4c38-b76b-a497b62e9d08,zac beard,I have a dealer in Wisconsin who is a good guy and I am very interested in chatting with you further about the belt and the new job and I are going to have a meeting with him tomorrow and will be in touch with you further as soon as I have a dealer in Wisconsin I can get you a farm equipment dealer for us to cad the house and get a chance to get out of the house and get a chance to talk to you in the future and see us New York Farm Show we are in the Heritage building Dairy Farmers of New York,5,0,2024-04-10 05:57:05,,,,"[{'label': 'POSITIVE', 'score': 0.9980353713035583}]",POSITIVE,0.9980353713035583
148,148,148,3a2ea103-51a0-4aa7-8976-c2aab6bb4b7b,Old Future,üî•üî•üî•,5,0,2024-04-10 05:56:36,,,8.9.26.592,"[{'label': 'POSITIVE', 'score': 0.9978057742118835}]",POSITIVE,0.9978057742118835
149,149,149,4cb2cba3-5c19-4f59-a81f-4b4758db496a,Angel Double,Offline mode is worthless no service = no music need to connect to internet to play music even after downloading the Playlist..... i have 154 hours worth of song on said Playlist but Spotify will repeat and replay the same 50 songs even while on shuffle .... recommend using YouTube,1,0,2024-04-10 05:43:13,,,8.9.24.633,"[{'label': 'NEGATIVE', 'score': 0.9994945526123047}]",NEGATIVE,0.9994945526123048
150,150,150,35d8ce04-6091-439e-83e4-247383149a19,Dalon Johnson,I always have a blast when I'm listening to spotify.,5,0,2024-04-10 05:42:36,,,8.9.24.633,"[{'label': 'POSITIVE', 'score': 0.9988313317298889}]",POSITIVE,0.9988313317298888
151,151,151,07e2b880-04aa-4512-82bd-803f69bd418d,carole nase,Love this app. with all my podcasts and music. Hooks into our car.,5,0,2024-04-10 05:36:51,,,8.9.26.592,"[{'label': 'POSITIVE', 'score': 0.9988676309585571}]",POSITIVE,0.9988676309585572
152,152,152,1d8fdd77-61e7-4d57-a46e-2b6f611cb2c3,Marcial Cardoso,"This app is horrible you pay for it, but it should be free for the poor quality. play the same songs over and over again no matter what you do , don't matter where you have the settings keep doing the same thing .",2,0,2024-04-10 05:36:02,"Hey! It looks like other people feel the same way about Shuffle. We‚Äôd recommend adding your vote at community.spotify.com. Just head to the Menu > Ideas > Live Ideas and search for ""Option to have a true shuffle"".",2024-04-10 07:20:40,8.9.26.592,"[{'label': 'NEGATIVE', 'score': 0.9995132684707642}]",NEGATIVE,0.9995132684707642
153,153,153,e91b87c5-caab-46e1-abbf-bcf7ee53a81f,David S,I've lost my account and couldn't login for couple of months and lost hope of getting my account back. I happened to chat with Mary Lynne F and helped me in getting my account back. Definitely she is amazing and she is doing a really good job. She was so calm until I creat an new email ID and till I open and look at my account. Spotify is amazing with awesome people like Mary Lynne F to support their users. Thank you for the whole team.,5,0,2024-04-10 05:32:49,"Hey there, we‚Äôd love to get some more info about this. We‚Äôd recommend getting in touch with our Customer Service by heading to http://support.spotify.com and searching ""Contact us"". They'll be able to check this for you.",2024-02-16 14:14:41,8.9.26.592,"[{'label': 'POSITIVE', 'score': 0.9988818764686584}]",POSITIVE,0.9988818764686584
154,154,154,44b6e5e5-99aa-4641-a2db-96b0bebdddae,Christian Schroll,"Auto play won't turn off despite turning it off, logging back in, clearing spotify's cache, and reinstalling the app. Time to search for a new podcast player that doesn't suck.",1,0,2024-04-10 05:29:06,"Hey! We'd recommend restarting your device to see if that makes any difference. If that doesn't help, you can get in touch with our Customer Service by heading to support.spotify.com and searching ""Contact us"".",2024-04-10 07:18:01,8.9.26.592,"[{'label': 'NEGATIVE', 'score': 0.9994738698005676}]",NEGATIVE,0.9994738698005676
155,155,155,5808cf95-5017-4d38-a2d0-6700eaf74560,Lanndon,It a lot of fun with air bods YAY,5,0,2024-04-10 05:23:52,,,8.9.26.592,"[{'label': 'POSITIVE', 'score': 0.9987887740135193}]",POSITIVE,0.9987887740135192
156,156,156,14ccf4fc-5f83-4376-90e7-c411b2e7d2b3,Abdurrahman,"I Hope There's a category Audioseries Example (music, podcast, Audioseries)",5,0,2024-04-10 05:21:39,,,8.9.26.592,"[{'label': 'POSITIVE', 'score': 0.8758878111839294}]",POSITIVE,0.8758878111839294
157,157,157,232442c0-e6ab-4837-8a2a-ef33bc7b6d4a,Lizzy,I love Spotify so much it's annoying at times but overall it's great app to use mostly when I'm working out/doing my work,5,0,2024-04-10 05:21:30,,,8.9.26.592,"[{'label': 'POSITIVE', 'score': 0.9989153146743774}]",POSITIVE,0.9989153146743774
158,158,158,c7e3f4d6-f1c7-4ee6-bd52-d48bc2cdd5c9,Tony DuBois,The app sucks! You will be listening to a podcast and it will just randomly decide that you dont want to listen to that episode anymore and will pick a completely random podcast and change to that. Then when you try and go back to the one you were listening to the memory of where you left off it erased.,1,0,2024-04-10 05:17:20,"Hey! Have you tried to toggle off Autoplay in the app's settings? If that doesn't help, we'd recommend reaching out to our Customer Service at http://support.spotify.com. Just search ‚ÄúContact Us‚Äù, and they'll be happy to help.",2024-04-10 07:16:45,8.7.68.568,"[{'label': 'NEGATIVE', 'score': 0.999504566192627}]",NEGATIVE,0.999504566192627
159,159,159,45a61fd3-bb51-4945-8458-94d210e38804,Anna,‚≠êAmazing stunning. I love this music app so much‚≠ê,5,0,2024-04-10 05:06:30,,,8.8.96.364,"[{'label': 'POSITIVE', 'score': 0.998849630355835}]",POSITIVE,0.998849630355835
160,160,160,3e4e9b89-763f-4895-8ae4-135c0ebf4744,zahrin shah,great,5,0,2024-04-10 05:05:01,,,8.9.26.592,"[{'label': 'POSITIVE', 'score': 0.9985584616661072}]",POSITIVE,0.9985584616661072
161,161,161,3233bb46-8f30-4745-9909-4ba1e1db796b,Sami Aman,Thanks a lot,5,0,2024-04-10 05:01:04,,,8.9.22.539,"[{'label': 'POSITIVE', 'score': 0.9983904361724854}]",POSITIVE,0.9983904361724854
162,162,162,0071effd-f197-442c-b1af-ff94e9a4bf40,Vona Coble,"I say just spend 10 a month and LISTEN TO ANYTHING YOU WANT TO, NO ads !!!!,..... songs ud forgot all about and loved üòç",5,0,2024-04-10 05:00:34,,,8.9.26.592,"[{'label': 'POSITIVE', 'score': 0.9987553358078003}]",POSITIVE,0.9987553358078004
163,163,163,f082d965-1699-49ef-9732-273fe2e28315,Shanell Finklea,It's the best way to listen to music and learn new songs. ‚ù§Ô∏è‚ù§Ô∏è‚ù§Ô∏è,5,0,2024-04-10 04:59:32,,,,"[{'label': 'POSITIVE', 'score': 0.9988662004470825}]",POSITIVE,0.9988662004470824
164,164,164,b2482f91-89f4-4297-b311-3cd46239577c,Chintan Patel,üëçüëç,5,0,2024-04-10 04:58:39,,,8.9.26.592,"[{'label': 'POSITIVE', 'score': 0.9981321692466736}]",POSITIVE,0.9981321692466736
165,165,165,6c722dc8-eaf7-4412-8b96-dff285d6768b,Sam,"If you don't have a CONSTANT and strong internet connection the app is boarder line unusable. I live in an area that has bad reception so to get around not being able to use the app when out and about, I downloaded a bunch of music ... But it turns out you need an internet connection to even view your downloaded music! (that, or the app just likes to spend 5 minutes buffering for fun). The old spotify app never use to do this. Please consider your ""offline"" users.",1,0,2024-04-10 04:58:26,,,8.9.26.592,"[{'label': 'NEGATIVE', 'score': 0.9995009899139404}]",NEGATIVE,0.9995009899139404
166,166,166,bd64d5ef-ee45-478e-8416-344144a76b06,thonkus,"not a good app. spams you with paywalls, adds unwanted music to playlists, cant skip songs, have to pay to not be on shuffle. just get soundcloud.",1,0,2024-04-10 04:55:05,,,,"[{'label': 'NEGATIVE', 'score': 0.9995065927505493}]",NEGATIVE,0.9995065927505492
167,167,167,375d6478-643c-4654-8297-d2fe96b487c8,Stephen Bourke,"Upgraded phone. Now Spotify won't play via Bluetooth. Other apps do. I can control Next, back, volume etc from my headphones, but the music only plays from the phone. Disappointed.",2,0,2024-04-10 04:51:12,"Hi there, have you tried a quick reinstall? If that doesn't help, we'd recommend reaching out to our Customer Service at http://support.spotify.com. Just search ‚ÄúContact Us‚Äù, and they'll be happy to help.",2024-04-10 07:17:09,8.9.26.592,"[{'label': 'NEGATIVE', 'score': 0.9994999170303345}]",NEGATIVE,0.9994999170303344
168,168,168,111de1da-4de8-421f-8ab7-d1c3d66821db,Karter lacey,"Won't stop turning itself on, plays ads after every song now.",1,0,2024-04-10 04:45:43,"Hey! Have you tried a quick reinstall? If that doesn't help, we'd recommend reaching out to our Customer Service at http://support.spotify.com. Just search ‚ÄúContact Us‚Äù, and they'll be happy to help.",2024-04-10 07:12:36,8.9.24.633,"[{'label': 'NEGATIVE', 'score': 0.9931228756904602}]",NEGATIVE,0.9931228756904602
169,169,169,f35cd8bf-0e6a-450f-8e29-00c485bc79db,Eli Sutton,Music is good but the log in system is garbage I called the support on two different things and neither worked. (Edit) I can't play what songs I want on my playlist WHY!?,1,0,2024-04-10 04:42:45,"Hi! We‚Äôre sorry to hear this and thanks for letting us know. We‚Äôd like to investigate further. If you have time, could you reach out to our Customer Support team again with a screenshot of your review and our reply? You can find them on X and Facebook (@SpotifyCares), or via live messaging at https://support.spotify.com/contact-spotify-anonymous/.",2024-04-10 07:10:59,8.9.26.592,"[{'label': 'NEGATIVE', 'score': 0.999504566192627}]",NEGATIVE,0.999504566192627
170,170,170,f9c4f4b2-db15-41b1-87eb-144b4f946d53,Khushi Khanjada,Good,5,0,2024-04-10 04:40:02,,,,"[{'label': 'POSITIVE', 'score': 0.9984152317047119}]",POSITIVE,0.998415231704712
171,171,171,493ae3e0-8dd2-4968-9cd2-148ffd377427,Novlyn Williams,Overall amazing,5,0,2024-04-10 04:39:19,,,8.9.24.633,"[{'label': 'POSITIVE', 'score': 0.998820960521698}]",POSITIVE,0.998820960521698
172,172,172,0894f097-bd8b-4148-ae06-61a69eccd997,Saul Birrueta,"Premium User. Not a fan Smart Shuffle. Sometimes I like to listen to my playlists on shuffle, sometimes in order. They put Smart Shuffle in between, so in order for me to turn off shuffle mode, I have to skip over Smart Shuffle (which loads incredibly slow). Inconvenient. Would be nice if I could just turn it off in the settings. Oh, well. ü§∑‚Äç‚ôÇÔ∏è",1,0,2024-04-10 04:35:36,,,8.9.26.592,"[{'label': 'NEGATIVE', 'score': 0.9992246627807617}]",NEGATIVE,0.9992246627807616
173,173,173,50b58574-0092-48c0-a76f-82c4e4175a8f,Dave,Good music choices.,4,0,2024-04-10 04:35:05,,,8.9.24.633,"[{'label': 'POSITIVE', 'score': 0.9987885355949402}]",POSITIVE,0.9987885355949402
174,174,174,5fa8e4d5-01e7-45ef-9ba2-f757b85619e0,kerry scandolera,I can't sign in and theres no esy of getting to my account I need help pls...,1,0,2024-04-10 04:29:45,"Hey there! We suggest reaching out to our Customer Service at http://support.spotify.com for further help. Just search ""Contact Us"", and they'll be happy to assist.",2024-04-10 04:38:39,8.9.26.592,"[{'label': 'NEGATIVE', 'score': 0.9994850158691406}]",NEGATIVE,0.9994850158691406
175,175,175,3cd73772-173e-421a-985a-89ad022578c7,Brian Winkler,Keep upping the prices and I'm gonna cancel.,1,0,2024-04-10 04:29:18,,,8.9.26.592,"[{'label': 'NEGATIVE', 'score': 0.9994994401931763}]",NEGATIVE,0.9994994401931764
176,176,176,e12c11fd-fe98-4c95-8b2a-ae2fde4d99dd,„ÉÑ,"Unable to utilize any tool without your inane ""premium"" not everyone has money.",1,0,2024-04-10 04:28:36,,,,"[{'label': 'NEGATIVE', 'score': 0.9993402361869812}]",NEGATIVE,0.9993402361869812
177,177,177,ee2baf3d-3285-45cc-92cf-37dbc711eb20,Jean Rubiano,I love Spotify,5,0,2024-04-10 04:22:21,,,8.9.24.633,"[{'label': 'POSITIVE', 'score': 0.998762845993042}]",POSITIVE,0.998762845993042
178,178,178,bce28e2c-01e8-4d33-97e2-f56f2b21fa37,Patty Gladfelter,Great,5,0,2024-04-10 04:21:49,,,8.8.96.364,"[{'label': 'POSITIVE', 'score': 0.998588502407074}]",POSITIVE,0.998588502407074
179,179,179,cdb4b3a9-9e0d-4579-ac45-70e3d0d7eae3,Harpric,"Been looking 4 new Roland street cube amplifier,fender,spark.thsnk you.unfrr 600 dollars.",5,0,2024-04-10 04:21:35,,,8.9.26.592,"[{'label': 'NEGATIVE', 'score': 0.9935188889503479}]",NEGATIVE,0.993518888950348
180,180,180,56b7a997-458e-449e-833a-72fdb0c748cb,ann mag,"I LOVE SPOTIFYYY BUT YALL REALLY NEED TO FIX YOUR ""couldn't load lyrics"" PROBLEMM JS SAYING",4,0,2024-04-10 04:19:02,,,8.9.26.592,"[{'label': 'NEGATIVE', 'score': 0.9977630376815796}]",NEGATIVE,0.9977630376815796
181,181,181,c656e961-12c8-4acc-ab6a-827a4a644e87,Caiden Cartin,why are you adding songs to my playlist and not letting me hear my music in the order i want it to be in also when i want to play a sing it plays a random other song,1,0,2024-04-10 04:15:41,"Hi Caiden! We're sorry to hear you're having trouble with the app. We'd recommend reaching out to our Customer Service team to get help on this. Just search ""Contact Us"" at https://support.spotify.com/.",2024-04-10 05:53:30,8.9.26.592,"[{'label': 'NEGATIVE', 'score': 0.9994945526123047}]",NEGATIVE,0.9994945526123048
182,182,182,1932bc98-5266-4c7c-aafc-f8a43321e58e,spineyswordfish,"The new layout for Library is terrible. The merger of podcasts with music in one combined list is a bad idea.The sort by ""recently added"" is broken. It will move anything updated that day to the top but anything older is a jumbled mess. So if you want to easily find what was posted yesterday good luck.",1,2,2024-04-10 04:06:55,,,8.9.26.592,"[{'label': 'NEGATIVE', 'score': 0.9994981288909912}]",NEGATIVE,0.9994981288909912
183,183,183,a08f70fb-8d5a-4e62-9b23-ce46b56e1be0,Ken Miller,Awesome app!!,5,0,2024-04-10 04:02:19,,,8.9.26.592,"[{'label': 'POSITIVE', 'score': 0.9987438321113586}]",POSITIVE,0.9987438321113586
184,184,184,0f685bdf-0a51-4894-b0f5-52f0f2cd82f3,Christian Garcia,Thus is my happy place,5,0,2024-04-10 03:59:39,,,8.9.26.592,"[{'label': 'POSITIVE', 'score': 0.9984739422798157}]",POSITIVE,0.9984739422798156
185,185,185,36cc37a3-8ad9-42e9-85a5-44e76bb0eeae,bianca Sarra,Very convenient and entertaining,5,0,2024-04-10 03:50:40,,,8.9.26.592,"[{'label': 'POSITIVE', 'score': 0.9988672733306885}]",POSITIVE,0.9988672733306884
186,186,186,2b0fb21f-9543-4704-8cdb-becece42fea4,Michael Jones,Spotify is everything you could possibly need.,5,0,2024-04-10 03:47:21,,,,"[{'label': 'POSITIVE', 'score': 0.998654842376709}]",POSITIVE,0.998654842376709
187,187,187,b897b457-1144-41d7-a673-3b14db223125,Melissa Taylor,This has happened twice now.... I've had phone under arm and songs get deleted. First time I could recover. This time the amount lost was hours of searching. Please fix.,3,0,2024-04-10 03:44:11,"Hi Melissa! We're sorry to hear you're having trouble with your saved songs. We'd suggest reaching out to our Customer Service team to get help on this. Just search ""Contact Us"" at https://support.spotify.com/.",2024-04-10 05:50:09,8.9.26.592,"[{'label': 'NEGATIVE', 'score': 0.9990123510360718}]",NEGATIVE,0.9990123510360718
188,188,188,dfca9a1a-5d58-40d6-8fc9-4da9402705f7,Gerardo Arroyo,"It was best application until you made 'changes' and ruined it. THE UI WAS QUITE BETTER BEFORE, when i block my phone screen it stops playing and audio sharing session stops constantly. Downloadws suddenly can't play them when no conection and audio Streaming interrupts constantly even if inhave a very fast internet conection. Don't know what you did but please rollback. Btw I'm a QAT",1,0,2024-04-10 03:42:48,,,8.9.26.592,"[{'label': 'NEGATIVE', 'score': 0.9994962215423584}]",NEGATIVE,0.9994962215423584
189,189,189,42a93662-e45c-4ba4-8503-d810999970b0,shantybps krishnasamy,‡ÆÆ‡ØÄ(‡ÆÆ]‡Æà mi(me]my mA(e]darkmatter ‡Æï‡Æ©‡Øç‡Æ©‡Æø‡ÆØ‡Ææ‡Æï‡ØÅ‡ÆÆ‡Ææ‡Æ∞‡Æø(‡Æí‡Æ∞‡ØÅ] ‡Æ≤‡Øà!‡Æ∞‡Øç ‡Æì‡Æ≥‡Æø4‡Æí‡Æ¥‡Æø(.]‡Æö‡ÆÆ‡ØÅ‡Æ§‡Øç‡Æ∞ ‡ÆÆ‡ØÄ‡Æ©‡Øç ‡Æ™‡ØÜ‡Æ∞‡ØÅ‡Æï‡Øç‡Æπ‡ÆÆ‡Øç,4,0,2024-04-10 03:40:41,,,,"[{'label': 'POSITIVE', 'score': 0.9925339221954346}]",POSITIVE,0.9925339221954346
190,190,190,4318d1da-b668-4d19-8a83-4ed46a7a1fd1,Osmoticlese,Solid,4,0,2024-04-10 03:29:11,,,8.9.20.574,"[{'label': 'POSITIVE', 'score': 0.998731791973114}]",POSITIVE,0.998731791973114
191,191,191,4f39848e-e052-4231-82ec-244e055d56e0,Charlie's Little Corner,I've had my account since 2016. It's the only app I listen to music on. It's also very easy to discover artists/bands. Downside? The shuffle feature is broken af. I used to strategically make my playlists before premium too. (I think the price is fair though),4,0,2024-04-10 03:29:00,,,8.9.24.633,"[{'label': 'POSITIVE', 'score': 0.9976211190223694}]",POSITIVE,0.9976211190223694
192,192,192,9a652dd1-e2ee-427d-a2ea-c3a9366781b9,Keshava Pandi,"Hello spotify and team. I am using a craked version of spotify to escape from hearing ur ads and the limited control access on hearing music in a free version.So basically this craked version allows me to use the premium acces of spotify and gives it for free. So, I think I took the best optionüëç",1,1,2024-04-10 03:26:52,,,8.9.8.545,"[{'label': 'POSITIVE', 'score': 0.9983630776405334}]",POSITIVE,0.9983630776405334
193,193,193,bdd8f674-054f-4586-8a52-8f31d0eef93a,Ai R,"OH MY GOD! This redesign of the dislike button is so ANNOYING! It used to take one click to remove a song from Liked songs, now it takes three. How can you mess up such a basic and simple thing! Why do I even have to choose which playlist I want to remove a song from when I only have that song in ONE playlist! I only use Liked songs and no other playlists. Please make a setting to turn this functionality off. I never want to see that box again!",1,0,2024-04-10 03:26:07,,,8.9.26.592,"[{'label': 'NEGATIVE', 'score': 0.9994935989379883}]",NEGATIVE,0.9994935989379884
194,194,194,893bc931-e44a-49c7-9683-eaa76c527e54,Stitch,this app used to be good back then,1,0,2024-04-10 03:25:54,,,8.9.26.592,"[{'label': 'NEGATIVE', 'score': 0.9900112748146057}]",NEGATIVE,0.9900112748146056
195,195,195,6dd968e7-8014-415b-adac-28eafe7577fb,Taiwo Ephraim,"This app is useless since they installed the new version , playing recommended songs so stupid it's just useless now please remove the new update",1,0,2024-04-10 03:25:21,,,8.9.26.592,"[{'label': 'NEGATIVE', 'score': 0.9995009899139404}]",NEGATIVE,0.9995009899139404
196,196,196,fe5f5a30-d5ec-45e1-bbb0-1fc7653e29f0,Gunshita Kesarwani,Worst update,1,0,2024-04-10 03:24:51,,,,"[{'label': 'NEGATIVE', 'score': 0.9994906187057495}]",NEGATIVE,0.9994906187057496
197,197,197,a10f696a-272c-4009-a861-ab22b0847e27,Ankur Patel,V. Good,4,0,2024-04-10 03:24:08,,,,"[{'label': 'POSITIVE', 'score': 0.9985204339027405}]",POSITIVE,0.9985204339027404
198,198,198,3ad58c49-765d-46e0-9b33-bd1c901f7fe8,Deitie Ofall,"24 mins listening. 4 ad breaks bout 2 mins long and 1 song from my list and so many suggestions it used every skip. Not worth it. Response to response. ""FREE"" trails don't need cc details. It not free it's one trick month to get your details and hope u forget to unsubscribe.",1,1,2024-04-10 03:20:23,"We‚Äôre sorry to hear this, and we‚Äôll pass your feedback along to the Ads team. For an ad free experience, we‚Äôd recommend checking out our Premium plans. If you‚Äôve never had Premium before, you should be eligible for our trial. You can also check out other deals by heading over to http://spotify.com/premium.",2024-04-10 02:44:12,8.9.26.592,"[{'label': 'NEGATIVE', 'score': 0.999503493309021}]",NEGATIVE,0.999503493309021
